<?xml version="1.0" encoding="UTF-8"?>
<metadata xml:lang="en"><Esri><CreaDate>20190218</CreaDate><CreaTime>10223100</CreaTime><ArcGISFormat>1.0</ArcGISFormat><SyncOnce>FALSE</SyncOnce><DataProperties><lineage><Process ToolSource="c:\program files (x86)\arcgis\desktop10.2\ArcToolbox\Toolboxes\Data Management Tools.tbx\CalculateField" Date="20151008" Time="110933">CalculateField IndianCave_Option4 AcresText [Acres] VB #</Process><Process ToolSource="c:\program files (x86)\arcgis\desktop10.2\ArcToolbox\Toolboxes\Data Management Tools.tbx\CalculateField" Date="20151008" Time="110959">CalculateField IndianCave_Option4 AcresLabel [AcresText]+" Acres" VB #</Process><Process ToolSource="c:\program files (x86)\arcgis\desktop10.2\ArcToolbox\Toolboxes\Data Management Tools.tbx\CalculateField" Date="20151012" Time="113525">CalculateField BRBE_TrtmtPolygons_12Oct15 Site "Browns Bench" VB #</Process><Process ToolSource="c:\program files (x86)\arcgis\desktop10.2\ArcToolbox\Toolboxes\Data Management Tools.tbx\CalculateField" Date="20151012" Time="120128">CalculateField BRBE_TrtmtPolygons_12Oct15 Pasture2 [Pasture] VB #</Process><Process ToolSource="c:\program files (x86)\arcgis\desktop10.2\ArcToolbox\Toolboxes\Data Management Tools.tbx\CalculateField" Date="20151022" Time="145104">CalculateField TrtmtPolygons_22Oct15 Site "Sheep Creek" VB #</Process><Process ToolSource="c:\program files (x86)\arcgis\desktop10.3\ArcToolbox\Toolboxes\Data Management Tools.tbx\CalculateField" Date="20160831" Time="162956">CalculateField treatment_polygons Site "Browns Bench" VB #</Process><Process ToolSource="c:\program files (x86)\arcgis\desktop10.2\ArcToolbox\Toolboxes\Data Management Tools.tbx\Merge" Date="20161028" Time="083343">Merge 'Roads\Treatment Pastures (proposed)';BigButteTreatmentPastures F:\GeoDataBases\Scratch.gdb\AllTreatmentPastures "Id "Id" true true false 4 Long 0 0 ,First,#,Roads\Treatment Pastures (proposed),Id,-1,-1;Acres "Acres" true true false 8 Double 0 0 ,First,#,Roads\Treatment Pastures (proposed),Acres,-1,-1;Site "Site" true true false 15 Text 0 0 ,First,#,Roads\Treatment Pastures (proposed),Site,-1,-1;Pasture "Pasture" true true false 20 Text 0 0 ,First,#,Roads\Treatment Pastures (proposed),Pasture,-1,-1;Hectares "Hectares" true true false 8 Double 0 0 ,First,#,Roads\Treatment Pastures (proposed),Hectares,-1,-1;Treatment "Treatment" true true false 20 Text 0 0 ,First,#,Roads\Treatment Pastures (proposed),Treatment,-1,-1;Shape_Length "Shape_Length" false true true 8 Double 0 0 ,First,#,Roads\Treatment Pastures (proposed),Shape_Length,-1,-1,BigButteTreatmentPastures,Shape_Length,-1,-1;Shape_Area "Shape_Area" false true true 8 Double 0 0 ,First,#,Roads\Treatment Pastures (proposed),Shape_Area,-1,-1,BigButteTreatmentPastures,Shape_Area,-1,-1;OBJECTID "OBJECTID" true true false 4 Long 0 0 ,First,#,BigButteTreatmentPastures,OBJECTID,-1,-1;ALLOT_NO "ALLOT_NO" true true false 5 Text 0 0 ,First,#,BigButteTreatmentPastures,ALLOT_NO,-1,-1;ALLOT_NAME "ALLOT_NAME" true true false 50 Text 0 0 ,First,#,BigButteTreatmentPastures,ALLOT_NAME,-1,-1;PAST_NO "PAST_NO" true true false 2 Text 0 0 ,First,#,BigButteTreatmentPastures,PAST_NO,-1,-1;PAST_NAME "PAST_NAME" true true false 50 Text 0 0 ,First,#,BigButteTreatmentPastures,PAST_NAME,-1,-1;GIS_ACRES "GIS_ACRES" true true false 8 Double 0 0 ,First,#,BigButteTreatmentPastures,GIS_ACRES,-1,-1;ADMIN_ST "ADMIN_ST" true true false 2 Text 0 0 ,First,#,BigButteTreatmentPastures,ADMIN_ST,-1,-1;ADM_OFC_CD "ADM_OFC_CD" true true false 6 Text 0 0 ,First,#,BigButteTreatmentPastures,ADM_OFC_CD,-1,-1;ADM_UNIT_C "ADM_UNIT_C" true true false 8 Text 0 0 ,First,#,BigButteTreatmentPastures,ADM_UNIT_C,-1,-1;ST_ALLOT_P "ST_ALLOT_P" true true false 9 Text 0 0 ,First,#,BigButteTreatmentPastures,ST_ALLOT_P,-1,-1;BDO_PAST_N "BDO_PAST_N" true true false 5 Text 0 0 ,First,#,BigButteTreatmentPastures,BDO_PAST_N,-1,-1;COMMENTS "COMMENTS" true true false 100 Text 0 0 ,First,#,BigButteTreatmentPastures,COMMENTS,-1,-1;GlobalID "GlobalID" true true false 38 Text 0 0 ,First,#,BigButteTreatmentPastures,GlobalID,-1,-1;SHAPE_Leng "SHAPE_Leng" true true false 8 Double 0 0 ,First,#,BigButteTreatmentPastures,SHAPE_Leng,-1,-1"</Process><Process ToolSource="c:\program files (x86)\arcgis\desktop10.4\ArcToolbox\Toolboxes\Data Management Tools.tbx\Merge" Date="20170525" Time="192559">Merge AllTreatmentPastures_New;'BLM Pastures';GoldbergAllotment_WGS84UTMZ12 "C:\Users\Andrew Meyers\Desktop\GrouseAndGrazing\Scratch\PAVA_Nests_2017\PAVA_Pastures_2017.shp" "Id "Id" true true false 4 Long 0 0 ,First,#,AllTreatmentPastures_New,Id,-1,-1;Acres "Acres" true true false 8 Double 0 0 ,First,#,AllTreatmentPastures_New,Acres,-1,-1;Site "Site" true true false 15 Text 0 0 ,First,#,AllTreatmentPastures_New,Site,-1,-1;Pasture "Pasture" true true false 20 Text 0 0 ,First,#,AllTreatmentPastures_New,Pasture,-1,-1;Hectares "Hectares" true true false 8 Double 0 0 ,First,#,AllTreatmentPastures_New,Hectares,-1,-1;Treatment "Treatment" true true false 20 Text 0 0 ,First,#,AllTreatmentPastures_New,Treatment,-1,-1;Shape_Leng "Shape_Leng" false true true 8 Double 0 0 ,First,#,AllTreatmentPastures_New,Shape_Length,-1,-1,BLM Pastures,Shape_Length,-1,-1;Shape_Area "Shape_Area" false true true 8 Double 0 0 ,First,#,AllTreatmentPastures_New,Shape_Area,-1,-1,BLM Pastures,Shape_Area,-1,-1,GoldbergAllotment_WGS84UTMZ12,Shape_Area,-1,-1;trt_2014 "trt_2014" true true false 50 Text 0 0 ,First,#,AllTreatmentPastures_New,trt_2014,-1,-1;trt_2015 "trt_2015" true true false 50 Text 0 0 ,First,#,AllTreatmentPastures_New,trt_2015,-1,-1;trt_2016 "trt_2016" true true false 50 Text 0 0 ,First,#,AllTreatmentPastures_New,trt_2016,-1,-1;trt_2017 "trt_2017" true true false 50 Text 0 0 ,First,#,AllTreatmentPastures_New,trt_2017,-1,-1;per_util_2 "per_util_2" true true false 2 Short 0 0 ,First,#,AllTreatmentPastures_New,per_util_2016,-1,-1;OBJECTID "OBJECTID" true true false 4 Long 0 0 ,First,#,BLM Pastures,OBJECTID,-1,-1,GoldbergAllotment_WGS84UTMZ12,OBJECTID,-1,-1;ALLOT_NO "ALLOT_NO" true true false 5 Text 0 0 ,First,#,BLM Pastures,ALLOT_NO,-1,-1,GoldbergAllotment_WGS84UTMZ12,ALLOT_NO,-1,-1;ALLOT_NAME "ALLOT_NAME" true true false 50 Text 0 0 ,First,#,BLM Pastures,ALLOT_NAME,-1,-1,GoldbergAllotment_WGS84UTMZ12,ALLOT_NAME,-1,-1;PAST_NO "PAST_NO" true true false 2 Text 0 0 ,First,#,BLM Pastures,PAST_NO,-1,-1,GoldbergAllotment_WGS84UTMZ12,PAST_NO,-1,-1;PAST_NAME "PAST_NAME" true true false 50 Text 0 0 ,First,#,BLM Pastures,PAST_NAME,-1,-1,GoldbergAllotment_WGS84UTMZ12,PAST_NAME,-1,-1;GIS_ACRES "GIS_ACRES" true true false 8 Double 0 0 ,First,#,BLM Pastures,GIS_ACRES,-1,-1,GoldbergAllotment_WGS84UTMZ12,GIS_ACRES,-1,-1;ADMIN_ST "ADMIN_ST" true true false 2 Text 0 0 ,First,#,BLM Pastures,ADMIN_ST,-1,-1,GoldbergAllotment_WGS84UTMZ12,ADMIN_ST,-1,-1;ADM_OFC_CD "ADM_OFC_CD" true true false 6 Text 0 0 ,First,#,BLM Pastures,ADM_OFC_CD,-1,-1,GoldbergAllotment_WGS84UTMZ12,ADM_OFC_CD,-1,-1;ADM_UNIT_C "ADM_UNIT_C" true true false 8 Text 0 0 ,First,#,BLM Pastures,ADM_UNIT_C,-1,-1,GoldbergAllotment_WGS84UTMZ12,ADM_UNIT_C,-1,-1;ST_ALLOT_P "ST_ALLOT_P" true true false 9 Text 0 0 ,First,#,BLM Pastures,ST_ALLOT_P,-1,-1,GoldbergAllotment_WGS84UTMZ12,ST_ALLOT_P,-1,-1;BDO_PAST_N "BDO_PAST_N" true true false 5 Text 0 0 ,First,#,BLM Pastures,BDO_PAST_N,-1,-1,GoldbergAllotment_WGS84UTMZ12,BDO_PAST_N,-1,-1;COMMENTS "COMMENTS" true true false 100 Text 0 0 ,First,#,BLM Pastures,COMMENTS,-1,-1,GoldbergAllotment_WGS84UTMZ12,COMMENTS,-1,-1;GlobalID "GlobalID" true true false 38 Text 0 0 ,First,#,BLM Pastures,GlobalID,-1,-1,GoldbergAllotment_WGS84UTMZ12,GlobalID,-1,-1;SHAPE_Le_1 "SHAPE_Le_1" true true false 8 Double 0 0 ,First,#,BLM Pastures,SHAPE_Leng,-1,-1,GoldbergAllotment_WGS84UTMZ12,SHAPE_Leng,-1,-1;OBJECTID_1 "OBJECTID_1" true true false 10 Long 0 10 ,First,#,GoldbergAllotment_WGS84UTMZ12,OBJECTID_1,-1,-1;Shape_Le_2 "Shape_Le_2" true true false 19 Double 0 0 ,First,#,GoldbergAllotment_WGS84UTMZ12,Shape_Le_1,-1,-1"</Process><Process ToolSource="c:\program files (x86)\arcgis\desktop10.4\ArcToolbox\Toolboxes\Data Management Tools.tbx\DeleteField" Date="20170525" Time="193605">DeleteField PAVA_Pastures_2017 Shape_Leng;Shape_Area;OBJECTID;ALLOT_NO;PAST_NO;PAST_NAME;GIS_ACRES;ADMIN_ST;ADM_OFC_CD;ADM_UNIT_C;ST_ALLOT_P;BDO_PAST_N;COMMENTS;GlobalID;SHAPE_Le_1;OBJECTID_1;Shape_Le_2</Process><Process ToolSource="c:\program files (x86)\arcgis\desktop10.4\ArcToolbox\Toolboxes\Data Management Tools.tbx\Merge" Date="20170612" Time="111417">Merge PAVA_Pastures_2017;Pastures_And_nonTrt_Splits_minus_PAVA "C:\Users\Andrew Meyers\Desktop\GrouseAndGrazing\Scratch\SubPastures_non-trt\Pastures_And_nonTrt_Splits_AllSites_12June2017.shp" "Id "Id" true true false 10 Long 0 10 ,First,#,PAVA_Pastures_2017,Id,-1,-1;Acres "Acres" true true false 19 Double 0 0 ,First,#,PAVA_Pastures_2017,Acres,-1,-1;Site "Site" true true false 15 Text 0 0 ,First,#,PAVA_Pastures_2017,Site,-1,-1,Pastures_And_nonTrt_Splits_minus_PAVA,Site,-1,-1;Pasture "Pasture" true true false 20 Text 0 0 ,First,#,PAVA_Pastures_2017,Pasture,-1,-1,Pastures_And_nonTrt_Splits_minus_PAVA,Pasture,-1,-1;Hectares "Hectares" true true false 19 Double 0 0 ,First,#,PAVA_Pastures_2017,Hectares,-1,-1;Treatment "Treatment" true true false 20 Text 0 0 ,First,#,PAVA_Pastures_2017,Treatment,-1,-1,Pastures_And_nonTrt_Splits_minus_PAVA,Treatment,-1,-1;trt_2014 "trt_2014" true true false 50 Text 0 0 ,First,#,PAVA_Pastures_2017,trt_2014,-1,-1,Pastures_And_nonTrt_Splits_minus_PAVA,trt_2014,-1,-1;trt_2015 "trt_2015" true true false 50 Text 0 0 ,First,#,PAVA_Pastures_2017,trt_2015,-1,-1,Pastures_And_nonTrt_Splits_minus_PAVA,trt_2015,-1,-1;trt_2016 "trt_2016" true true false 50 Text 0 0 ,First,#,PAVA_Pastures_2017,trt_2016,-1,-1,Pastures_And_nonTrt_Splits_minus_PAVA,trt_2016,-1,-1;trt_2017 "trt_2017" true true false 50 Text 0 0 ,First,#,PAVA_Pastures_2017,trt_2017,-1,-1,Pastures_And_nonTrt_Splits_minus_PAVA,trt_2017,-1,-1;ALLOT_NAME "ALLOT_NAME" true true false 50 Text 0 0 ,First,#,PAVA_Pastures_2017,ALLOT_NAME,-1,-1,Pastures_And_nonTrt_Splits_minus_PAVA,ALLOT_NAME,-1,-1;ALLOT_NO "ALLOT_NO" true true false 5 Text 0 0 ,First,#,Pastures_And_nonTrt_Splits_minus_PAVA,ALLOT_NO,-1,-1;PAST_NAME "PAST_NAME" true true false 50 Text 0 0 ,First,#,Pastures_And_nonTrt_Splits_minus_PAVA,PAST_NAME,-1,-1;ADM_UNIT_C "ADM_UNIT_C" true true false 8 Text 0 0 ,First,#,Pastures_And_nonTrt_Splits_minus_PAVA,ADM_UNIT_C,-1,-1;BDO_PAST_N "BDO_PAST_N" true true false 5 Text 0 0 ,First,#,Pastures_And_nonTrt_Splits_minus_PAVA,BDO_PAST_N,-1,-1;COMMENTS "COMMENTS" true true false 100 Text 0 0 ,First,#,Pastures_And_nonTrt_Splits_minus_PAVA,COMMENTS,-1,-1;SHAPE_Leng "SHAPE_Leng" true true false 19 Double 0 0 ,First,#,Pastures_And_nonTrt_Splits_minus_PAVA,SHAPE_Leng,-1,-1;Shape_Area "Shape_Area" true true false 19 Double 0 0 ,First,#,Pastures_And_nonTrt_Splits_minus_PAVA,Shape_Area,-1,-1;Treatment_ "Treatment_" true true false 50 Text 0 0 ,First,#,Pastures_And_nonTrt_Splits_minus_PAVA,Treatment_,-1,-1;Area_Acres "Area_Acres" true true false 13 Float 0 0 ,First,#,Pastures_And_nonTrt_Splits_minus_PAVA,Area_Acres,-1,-1;Area_ha "Area_ha" true true false 13 Float 0 0 ,First,#,Pastures_And_nonTrt_Splits_minus_PAVA,Area_ha,-1,-1"</Process><Process ToolSource="c:\program files (x86)\arcgis\desktop10.4\ArcToolbox\Toolboxes\Conversion Tools.tbx\FeatureClassToFeatureClass" Date="20170612" Time="115025">FeatureClassToFeatureClass Pastures_And_nonTrt_Splits_AllSites_12June2017 "C:\Users\Andrew Meyers\Desktop\GrouseAndGrazing\GrouseGrazingData.gdb\StudyAOIs" Treatment_and_NonTreatmentPastures_12Jun2017 # "Site "Site" true true false 15 Text 0 0 ,First,#,Pastures_And_nonTrt_Splits_AllSites_12June2017,Site,-1,-1;Hectares "Hectares" true true false 19 Double 0 0 ,First,#,Pastures_And_nonTrt_Splits_AllSites_12June2017,Hectares,-1,-1;Treatment "Treatment" true true false 20 Text 0 0 ,First,#,Pastures_And_nonTrt_Splits_AllSites_12June2017,Treatment,-1,-1;trt_2014 "trt_2014" true true false 50 Text 0 0 ,First,#,Pastures_And_nonTrt_Splits_AllSites_12June2017,trt_2014,-1,-1;trt_2015 "trt_2015" true true false 50 Text 0 0 ,First,#,Pastures_And_nonTrt_Splits_AllSites_12June2017,trt_2015,-1,-1;trt_2016 "trt_2016" true true false 50 Text 0 0 ,First,#,Pastures_And_nonTrt_Splits_AllSites_12June2017,trt_2016,-1,-1;trt_2017 "trt_2017" true true false 50 Text 0 0 ,First,#,Pastures_And_nonTrt_Splits_AllSites_12June2017,trt_2017,-1,-1;ALLOT_NAME "ALLOT_NAME" true true false 50 Text 0 0 ,First,#,Pastures_And_nonTrt_Splits_AllSites_12June2017,ALLOT_NAME,-1,-1;ALLOT_NO "ALLOT_NO" true true false 5 Text 0 0 ,First,#,Pastures_And_nonTrt_Splits_AllSites_12June2017,ALLOT_NO,-1,-1;PAST_NAME "PAST_NAME" true true false 50 Text 0 0 ,First,#,Pastures_And_nonTrt_Splits_AllSites_12June2017,PAST_NAME,-1,-1;COMMENTS "COMMENTS" true true false 100 Text 0 0 ,First,#,Pastures_And_nonTrt_Splits_AllSites_12June2017,COMMENTS,-1,-1;SHAPE_Leng "SHAPE_Leng" true true false 19 Double 0 0 ,First,#,Pastures_And_nonTrt_Splits_AllSites_12June2017,SHAPE_Leng,-1,-1;Shape_Area "Shape_Area" true true false 19 Double 0 0 ,First,#,Pastures_And_nonTrt_Splits_AllSites_12June2017,Shape_Area,-1,-1;Treatment_ "Treatment_" true true false 50 Text 0 0 ,First,#,Pastures_And_nonTrt_Splits_AllSites_12June2017,Treatment_,-1,-1;Area_Acres "Area_Acres" true true false 13 Float 0 0 ,First,#,Pastures_And_nonTrt_Splits_AllSites_12June2017,Area_Acres,-1,-1;Area_ha "Area_ha" true true false 13 Float 0 0 ,First,#,Pastures_And_nonTrt_Splits_AllSites_12June2017,Area_ha,-1,-1" #</Process><Process ToolSource="c:\program files (x86)\arcgis\desktop10.4\ArcToolbox\Toolboxes\Data Management Tools.tbx\Merge" Date="20170807" Time="120246">Merge Treatment_and_NonTreatmentPastures_12Jun2017;BLM_pastures20km "C:\Users\Andrew Meyers\Desktop\GrouseAndGrazing\GrouseGrazingData.gdb\StudyAOIs\StudyPastures_20kmBLMPastures" "Site "Site" true true false 15 Text 0 0 ,First,#,Treatment_and_NonTreatmentPastures_12Jun2017,Site,-1,-1;Hectares "Hectares" true true false 8 Double 0 0 ,First,#,Treatment_and_NonTreatmentPastures_12Jun2017,Hectares,-1,-1;Treatment "Treatment" true true false 20 Text 0 0 ,First,#,Treatment_and_NonTreatmentPastures_12Jun2017,Treatment,-1,-1;trt_2014 "trt_2014" true true false 50 Text 0 0 ,First,#,Treatment_and_NonTreatmentPastures_12Jun2017,trt_2014,-1,-1;trt_2015 "trt_2015" true true false 50 Text 0 0 ,First,#,Treatment_and_NonTreatmentPastures_12Jun2017,trt_2015,-1,-1;trt_2016 "trt_2016" true true false 50 Text 0 0 ,First,#,Treatment_and_NonTreatmentPastures_12Jun2017,trt_2016,-1,-1;trt_2017 "trt_2017" true true false 50 Text 0 0 ,First,#,Treatment_and_NonTreatmentPastures_12Jun2017,trt_2017,-1,-1;ALLOT_NAME "ALLOT_NAME" true true false 50 Text 0 0 ,First,#,Treatment_and_NonTreatmentPastures_12Jun2017,ALLOT_NAME,-1,-1,BLM_pastures20km,ALLOT_NAME,-1,-1;ALLOT_NO "ALLOT_NO" true true false 5 Text 0 0 ,First,#,Treatment_and_NonTreatmentPastures_12Jun2017,ALLOT_NO,-1,-1,BLM_pastures20km,ALLOT_NO,-1,-1;PAST_NAME "PAST_NAME" true true false 50 Text 0 0 ,First,#,Treatment_and_NonTreatmentPastures_12Jun2017,PAST_NAME,-1,-1,BLM_pastures20km,PAST_NAME,-1,-1;COMMENTS "COMMENTS" true true false 100 Text 0 0 ,First,#,Treatment_and_NonTreatmentPastures_12Jun2017,COMMENTS,-1,-1,BLM_pastures20km,COMMENTS,-1,-1;SHAPE_Leng "SHAPE_Leng" true true false 8 Double 0 0 ,First,#,Treatment_and_NonTreatmentPastures_12Jun2017,SHAPE_Leng,-1,-1,BLM_pastures20km,SHAPE_Leng,-1,-1;Treatment_ "Treatment_" true true false 50 Text 0 0 ,First,#,Treatment_and_NonTreatmentPastures_12Jun2017,Treatment_,-1,-1;Area_Acres "Area_Acres" true true false 4 Float 0 0 ,First,#,Treatment_and_NonTreatmentPastures_12Jun2017,Area_Acres,-1,-1;Area_ha "Area_ha" true true false 4 Float 0 0 ,First,#,Treatment_and_NonTreatmentPastures_12Jun2017,Area_ha,-1,-1;Shape_Length "Shape_Length" false true true 8 Double 0 0 ,First,#,Treatment_and_NonTreatmentPastures_12Jun2017,Shape_Length,-1,-1;Shape_Area "Shape_Area" false true true 8 Double 0 0 ,First,#,Treatment_and_NonTreatmentPastures_12Jun2017,Shape_Area,-1,-1,BLM_pastures20km,Shape_Area,-1,-1;OBJECTID_1 "OBJECTID_1" true true false 10 Long 0 10 ,First,#,BLM_pastures20km,OBJECTID_1,-1,-1;OBJECTID "OBJECTID" true true false 10 Long 0 10 ,First,#,BLM_pastures20km,OBJECTID,-1,-1;PAST_NO "PAST_NO" true true false 2 Text 0 0 ,First,#,BLM_pastures20km,PAST_NO,-1,-1;GIS_ACRES "GIS_ACRES" true true false 19 Double 0 0 ,First,#,BLM_pastures20km,GIS_ACRES,-1,-1;ADMIN_ST "ADMIN_ST" true true false 2 Text 0 0 ,First,#,BLM_pastures20km,ADMIN_ST,-1,-1;ADM_OFC_CD "ADM_OFC_CD" true true false 6 Text 0 0 ,First,#,BLM_pastures20km,ADM_OFC_CD,-1,-1;ADM_UNIT_C "ADM_UNIT_C" true true false 8 Text 0 0 ,First,#,BLM_pastures20km,ADM_UNIT_C,-1,-1;ST_ALLOT_P "ST_ALLOT_P" true true false 9 Text 0 0 ,First,#,BLM_pastures20km,ST_ALLOT_P,-1,-1;BDO_PAST_N "BDO_PAST_N" true true false 5 Text 0 0 ,First,#,BLM_pastures20km,BDO_PAST_N,-1,-1;GlobalID "GlobalID" true true false 38 Text 0 0 ,First,#,BLM_pastures20km,GlobalID,-1,-1;Shape_Le_1 "Shape_Le_1" true true false 19 Double 0 0 ,First,#,BLM_pastures20km,Shape_Le_1,-1,-1"</Process><Process ToolSource="c:\program files (x86)\arcgis\desktop10.4\ArcToolbox\Toolboxes\Data Management Tools.tbx\Merge" Date="20170822" Time="080237">Merge StudyPastures_20kmBLMPastures;BLM_Alotments_Pastures\jimsagepastures "C:\Users\Andrew Meyers\Desktop\GrouseAndGrazing\GrouseGrazingData.gdb\StudyAOIs\StudyPastures_20kmBLMPastures_2" "Site "Site" true true false 15 Text 0 0 ,First,#,StudyPastures_20kmBLMPastures,Site,-1,-1;Hectares "Hectares" true true false 8 Double 0 0 ,First,#,StudyPastures_20kmBLMPastures,Hectares,-1,-1;Treatment "Treatment" true true false 20 Text 0 0 ,First,#,StudyPastures_20kmBLMPastures,Treatment,-1,-1;trt_2014 "trt_2014" true true false 50 Text 0 0 ,First,#,StudyPastures_20kmBLMPastures,trt_2014,-1,-1;trt_2015 "trt_2015" true true false 50 Text 0 0 ,First,#,StudyPastures_20kmBLMPastures,trt_2015,-1,-1;trt_2016 "trt_2016" true true false 50 Text 0 0 ,First,#,StudyPastures_20kmBLMPastures,trt_2016,-1,-1;trt_2017 "trt_2017" true true false 50 Text 0 0 ,First,#,StudyPastures_20kmBLMPastures,trt_2017,-1,-1;ALLOT_NAME "ALLOT_NAME" true true false 50 Text 0 0 ,First,#,StudyPastures_20kmBLMPastures,ALLOT_NAME,-1,-1,BLM_Alotments_Pastures\jimsagepastures,ALLOT_NAME,-1,-1;ALLOT_NO "ALLOT_NO" true true false 5 Text 0 0 ,First,#,StudyPastures_20kmBLMPastures,ALLOT_NO,-1,-1,BLM_Alotments_Pastures\jimsagepastures,ALLOT_NO,-1,-1;PAST_NAME "PAST_NAME" true true false 50 Text 0 0 ,First,#,StudyPastures_20kmBLMPastures,PAST_NAME,-1,-1,BLM_Alotments_Pastures\jimsagepastures,PAST_NAME,-1,-1;COMMENTS "COMMENTS" true true false 100 Text 0 0 ,First,#,StudyPastures_20kmBLMPastures,COMMENTS,-1,-1,BLM_Alotments_Pastures\jimsagepastures,COMMENTS,-1,-1;SHAPE_Leng "SHAPE_Leng" true true false 8 Double 0 0 ,First,#,StudyPastures_20kmBLMPastures,SHAPE_Leng,-1,-1,BLM_Alotments_Pastures\jimsagepastures,SHAPE_Leng,-1,-1;Treatment_ "Treatment_" true true false 50 Text 0 0 ,First,#,StudyPastures_20kmBLMPastures,Treatment_,-1,-1;Area_Acres "Area_Acres" true true false 4 Float 0 0 ,First,#,StudyPastures_20kmBLMPastures,Area_Acres,-1,-1;Area_ha "Area_ha" true true false 4 Float 0 0 ,First,#,StudyPastures_20kmBLMPastures,Area_ha,-1,-1;OBJECTID_1 "OBJECTID_1" true true false 4 Long 0 0 ,First,#,StudyPastures_20kmBLMPastures,OBJECTID_1,-1,-1;OBJECTID "OBJECTID" true true false 4 Long 0 0 ,First,#,StudyPastures_20kmBLMPastures,OBJECTID,-1,-1,BLM_Alotments_Pastures\jimsagepastures,OBJECTID,-1,-1;PAST_NO "PAST_NO" true true false 2 Text 0 0 ,First,#,StudyPastures_20kmBLMPastures,PAST_NO,-1,-1,BLM_Alotments_Pastures\jimsagepastures,PAST_NO,-1,-1;GIS_ACRES "GIS_ACRES" true true false 8 Double 0 0 ,First,#,StudyPastures_20kmBLMPastures,GIS_ACRES,-1,-1,BLM_Alotments_Pastures\jimsagepastures,GIS_ACRES,-1,-1;ADMIN_ST "ADMIN_ST" true true false 2 Text 0 0 ,First,#,StudyPastures_20kmBLMPastures,ADMIN_ST,-1,-1,BLM_Alotments_Pastures\jimsagepastures,ADMIN_ST,-1,-1;ADM_OFC_CD "ADM_OFC_CD" true true false 6 Text 0 0 ,First,#,StudyPastures_20kmBLMPastures,ADM_OFC_CD,-1,-1,BLM_Alotments_Pastures\jimsagepastures,ADM_OFC_CD,-1,-1;ADM_UNIT_C "ADM_UNIT_C" true true false 8 Text 0 0 ,First,#,StudyPastures_20kmBLMPastures,ADM_UNIT_C,-1,-1,BLM_Alotments_Pastures\jimsagepastures,ADM_UNIT_C,-1,-1;ST_ALLOT_P "ST_ALLOT_P" true true false 9 Text 0 0 ,First,#,StudyPastures_20kmBLMPastures,ST_ALLOT_P,-1,-1,BLM_Alotments_Pastures\jimsagepastures,ST_ALLOT_P,-1,-1;BDO_PAST_N "BDO_PAST_N" true true false 5 Text 0 0 ,First,#,StudyPastures_20kmBLMPastures,BDO_PAST_N,-1,-1,BLM_Alotments_Pastures\jimsagepastures,BDO_PAST_N,-1,-1;GlobalID "GlobalID" true true false 38 Text 0 0 ,First,#,StudyPastures_20kmBLMPastures,GlobalID,-1,-1,BLM_Alotments_Pastures\jimsagepastures,GlobalID,-1,-1;Shape_Le_1 "Shape_Le_1" true true false 8 Double 0 0 ,First,#,StudyPastures_20kmBLMPastures,Shape_Le_1,-1,-1;Shape_Length "Shape_Length" false true true 8 Double 0 0 ,First,#,StudyPastures_20kmBLMPastures,Shape_Length,-1,-1,BLM_Alotments_Pastures\jimsagepastures,Shape_Length,-1,-1;Shape_Area "Shape_Area" false true true 8 Double 0 0 ,First,#,StudyPastures_20kmBLMPastures,Shape_Area,-1,-1,BLM_Alotments_Pastures\jimsagepastures,Shape_Area,-1,-1"</Process><Process ToolSource="c:\program files (x86)\arcgis\desktop10.4\ArcToolbox\Toolboxes\Data Management Tools.tbx\CalculateField" Date="20170825" Time="112252">CalculateField StudyPastures_20kmBLMPastures_2 StudyPasture_Yes_No [Treatment_] VB #</Process><Process ToolSource="c:\program files (x86)\arcgis\desktop10.4\ArcToolbox\Toolboxes\Data Management Tools.tbx\CalculateField" Date="20170825" Time="112330">CalculateField StudyPastures_20kmBLMPastures_2 StudyPasture_Yes_No "Non-Treatment" VB #</Process><Process ToolSource="c:\program files (x86)\arcgis\desktop10.4\ArcToolbox\Toolboxes\Data Management Tools.tbx\Merge" Date="20171011" Time="144938">Merge 'C:\Users\Andrew Meyers\Desktop\GrouseAndGrazing\GrouseGrazingData.gdb\StudyAOIs\StudyPastures_20kmBLMPastures_2';'C:\Users\Andrew Meyers\Desktop\GrouseAndGrazing\Scratch\NevadaAllotments\20KM_AOI_Buffer\Merged_20km_IDTM2.shp' "C:\Users\Andrew Meyers\Desktop\GrouseAndGrazing\GrouseGrazingData.gdb\StudyAOIs\StudyPastures_20kmBufferAllPastures" "Site "Site" true true false 15 Text 0 0 ,First,#,C:\Users\Andrew Meyers\Desktop\GrouseAndGrazing\GrouseGrazingData.gdb\StudyAOIs\StudyPastures_20kmBLMPastures_2,Site,-1,-1;Treatment "Treatment" true true false 20 Text 0 0 ,First,#,C:\Users\Andrew Meyers\Desktop\GrouseAndGrazing\GrouseGrazingData.gdb\StudyAOIs\StudyPastures_20kmBLMPastures_2,Treatment,-1,-1;trt_2014 "trt_2014" true true false 50 Text 0 0 ,First,#,C:\Users\Andrew Meyers\Desktop\GrouseAndGrazing\GrouseGrazingData.gdb\StudyAOIs\StudyPastures_20kmBLMPastures_2,trt_2014,-1,-1;trt_2015 "trt_2015" true true false 50 Text 0 0 ,First,#,C:\Users\Andrew Meyers\Desktop\GrouseAndGrazing\GrouseGrazingData.gdb\StudyAOIs\StudyPastures_20kmBLMPastures_2,trt_2015,-1,-1;trt_2016 "trt_2016" true true false 50 Text 0 0 ,First,#,C:\Users\Andrew Meyers\Desktop\GrouseAndGrazing\GrouseGrazingData.gdb\StudyAOIs\StudyPastures_20kmBLMPastures_2,trt_2016,-1,-1;trt_2017 "trt_2017" true true false 50 Text 0 0 ,First,#,C:\Users\Andrew Meyers\Desktop\GrouseAndGrazing\GrouseGrazingData.gdb\StudyAOIs\StudyPastures_20kmBLMPastures_2,trt_2017,-1,-1;ALLOT_NAME "ALLOT_NAME" true true false 50 Text 0 0 ,First,#,C:\Users\Andrew Meyers\Desktop\GrouseAndGrazing\GrouseGrazingData.gdb\StudyAOIs\StudyPastures_20kmBLMPastures_2,ALLOT_NAME,-1,-1,C:\Users\Andrew Meyers\Desktop\GrouseAndGrazing\Scratch\NevadaAllotments\20KM_AOI_Buffer\Merged_20km_IDTM2.shp,ALLOT_NAME,-1,-1;ALLOT_NO "ALLOT_NO" true true false 5 Text 0 0 ,First,#,C:\Users\Andrew Meyers\Desktop\GrouseAndGrazing\GrouseGrazingData.gdb\StudyAOIs\StudyPastures_20kmBLMPastures_2,ALLOT_NO,-1,-1,C:\Users\Andrew Meyers\Desktop\GrouseAndGrazing\Scratch\NevadaAllotments\20KM_AOI_Buffer\Merged_20km_IDTM2.shp,ALLOT_NO,-1,-1;PAST_NAME "PAST_NAME" true true false 50 Text 0 0 ,First,#,C:\Users\Andrew Meyers\Desktop\GrouseAndGrazing\GrouseGrazingData.gdb\StudyAOIs\StudyPastures_20kmBLMPastures_2,PAST_NAME,-1,-1,C:\Users\Andrew Meyers\Desktop\GrouseAndGrazing\Scratch\NevadaAllotments\20KM_AOI_Buffer\Merged_20km_IDTM2.shp,PAST_NAME,-1,-1;COMMENTS "COMMENTS" true true false 100 Text 0 0 ,First,#,C:\Users\Andrew Meyers\Desktop\GrouseAndGrazing\GrouseGrazingData.gdb\StudyAOIs\StudyPastures_20kmBLMPastures_2,COMMENTS,-1,-1;SHAPE_Leng "SHAPE_Leng" true true false 8 Double 0 0 ,First,#,C:\Users\Andrew Meyers\Desktop\GrouseAndGrazing\GrouseGrazingData.gdb\StudyAOIs\StudyPastures_20kmBLMPastures_2,SHAPE_Leng,-1,-1;Area_Acres "Area_Acres" true true false 4 Float 0 0 ,First,#,C:\Users\Andrew Meyers\Desktop\GrouseAndGrazing\GrouseGrazingData.gdb\StudyAOIs\StudyPastures_20kmBLMPastures_2,Area_Acres,-1,-1;Area_ha "Area_ha" true true false 4 Float 0 0 ,First,#,C:\Users\Andrew Meyers\Desktop\GrouseAndGrazing\GrouseGrazingData.gdb\StudyAOIs\StudyPastures_20kmBLMPastures_2,Area_ha,-1,-1;Shape_Length "Shape_Length" false true true 8 Double 0 0 ,First,#,C:\Users\Andrew Meyers\Desktop\GrouseAndGrazing\GrouseGrazingData.gdb\StudyAOIs\StudyPastures_20kmBLMPastures_2,Shape_Length,-1,-1;Shape_Area "Shape_Area" false true true 8 Double 0 0 ,First,#,C:\Users\Andrew Meyers\Desktop\GrouseAndGrazing\GrouseGrazingData.gdb\StudyAOIs\StudyPastures_20kmBLMPastures_2,Shape_Area,-1,-1,C:\Users\Andrew Meyers\Desktop\GrouseAndGrazing\Scratch\NevadaAllotments\20KM_AOI_Buffer\Merged_20km_IDTM2.shp,Shape_area,-1,-1;StudyPasture_Yes_No "StudyPasture_Yes_No" true true false 50 Text 0 0 ,First,#,C:\Users\Andrew Meyers\Desktop\GrouseAndGrazing\GrouseGrazingData.gdb\StudyAOIs\StudyPastures_20kmBLMPastures_2,StudyPasture_Yes_No,-1,-1;ColloquialName "ColloquialName" true true false 70 Text 0 0 ,First,#,C:\Users\Andrew Meyers\Desktop\GrouseAndGrazing\GrouseGrazingData.gdb\StudyAOIs\StudyPastures_20kmBLMPastures_2,ColloquialName,-1,-1;YearStudyStart "YearStudyStart" true true false 2 Short 0 0 ,First,#,C:\Users\Andrew Meyers\Desktop\GrouseAndGrazing\GrouseGrazingData.gdb\StudyAOIs\StudyPastures_20kmBLMPastures_2,YearStudyStart,-1,-1;YearStudyEnd "YearStudyEnd" true true false 2 Short 0 0 ,First,#,C:\Users\Andrew Meyers\Desktop\GrouseAndGrazing\GrouseGrazingData.gdb\StudyAOIs\StudyPastures_20kmBLMPastures_2,YearStudyEnd,-1,-1;PreStudyPastureName "PreStudyPastureName" true true false 70 Text 0 0 ,First,#,C:\Users\Andrew Meyers\Desktop\GrouseAndGrazing\GrouseGrazingData.gdb\StudyAOIs\StudyPastures_20kmBLMPastures_2,PreStudyPastureName,-1,-1;OBJECTID "OBJECTID" true true false 10 Long 0 10 ,First,#,C:\Users\Andrew Meyers\Desktop\GrouseAndGrazing\Scratch\NevadaAllotments\20KM_AOI_Buffer\Merged_20km_IDTM2.shp,OBJECTID,-1,-1;PAST_NO "PAST_NO" true true false 3 Text 0 0 ,First,#,C:\Users\Andrew Meyers\Desktop\GrouseAndGrazing\Scratch\NevadaAllotments\20KM_AOI_Buffer\Merged_20km_IDTM2.shp,PAST_NO,-1,-1;GIS_ACRES "GIS_ACRES" true true false 19 Double 0 0 ,First,#,C:\Users\Andrew Meyers\Desktop\GrouseAndGrazing\Scratch\NevadaAllotments\20KM_AOI_Buffer\Merged_20km_IDTM2.shp,GIS_ACRES,-1,-1;ADMIN_ST "ADMIN_ST" true true false 2 Text 0 0 ,First,#,C:\Users\Andrew Meyers\Desktop\GrouseAndGrazing\Scratch\NevadaAllotments\20KM_AOI_Buffer\Merged_20km_IDTM2.shp,ADMIN_ST,-1,-1;ADM_OFC_CD "ADM_OFC_CD" true true false 6 Text 0 0 ,First,#,C:\Users\Andrew Meyers\Desktop\GrouseAndGrazing\Scratch\NevadaAllotments\20KM_AOI_Buffer\Merged_20km_IDTM2.shp,ADM_OFC_CD,-1,-1;ADM_UNIT_C "ADM_UNIT_C" true true false 8 Text 0 0 ,First,#,C:\Users\Andrew Meyers\Desktop\GrouseAndGrazing\Scratch\NevadaAllotments\20KM_AOI_Buffer\Merged_20km_IDTM2.shp,ADM_UNIT_C,-1,-1;ST_ALLOT_P "ST_ALLOT_P" true true false 9 Text 0 0 ,First,#,C:\Users\Andrew Meyers\Desktop\GrouseAndGrazing\Scratch\NevadaAllotments\20KM_AOI_Buffer\Merged_20km_IDTM2.shp,ST_ALLOT_P,-1,-1;GlobalID "GlobalID" true true false 38 Text 0 0 ,First,#,C:\Users\Andrew Meyers\Desktop\GrouseAndGrazing\Scratch\NevadaAllotments\20KM_AOI_Buffer\Merged_20km_IDTM2.shp,GlobalID,-1,-1;Shape_len "Shape_len" true true false 19 Double 0 0 ,First,#,C:\Users\Andrew Meyers\Desktop\GrouseAndGrazing\Scratch\NevadaAllotments\20KM_AOI_Buffer\Merged_20km_IDTM2.shp,Shape_len,-1,-1;AREA "AREA" true true false 19 Double 0 0 ,First,#,C:\Users\Andrew Meyers\Desktop\GrouseAndGrazing\Scratch\NevadaAllotments\20KM_AOI_Buffer\Merged_20km_IDTM2.shp,AREA,-1,-1;PERIMETER "PERIMETER" true true false 19 Double 0 0 ,First,#,C:\Users\Andrew Meyers\Desktop\GrouseAndGrazing\Scratch\NevadaAllotments\20KM_AOI_Buffer\Merged_20km_IDTM2.shp,PERIMETER,-1,-1;ADMIN_ORG "ADMIN_ORG" true true false 30 Text 0 0 ,First,#,C:\Users\Andrew Meyers\Desktop\GrouseAndGrazing\Scratch\NevadaAllotments\20KM_AOI_Buffer\Merged_20km_IDTM2.shp,ADMIN_ORG,-1,-1;ADMIN_ORG_ "ADMIN_ORG_" true true false 60 Text 0 0 ,First,#,C:\Users\Andrew Meyers\Desktop\GrouseAndGrazing\Scratch\NevadaAllotments\20KM_AOI_Buffer\Merged_20km_IDTM2.shp,ADMIN_ORG_,-1,-1;ADMIN_Agen "ADMIN_Agen" true true false 30 Text 0 0 ,First,#,C:\Users\Andrew Meyers\Desktop\GrouseAndGrazing\Scratch\NevadaAllotments\20KM_AOI_Buffer\Merged_20km_IDTM2.shp,ADMIN_Agen,-1,-1"</Process><Process ToolSource="c:\program files (x86)\arcgis\desktop10.4\ArcToolbox\Toolboxes\Data Management Tools.tbx\CalculateField" Date="20171020" Time="085654">CalculateField StudyPastures_20kmBufferAllPastures ADMIN_Agen "Bureau of Land Management" VB #</Process><Process ToolSource="c:\program files (x86)\arcgis\desktop10.4\ArcToolbox\Toolboxes\Data Management Tools.tbx\CalculateField" Date="20171020" Time="085735">CalculateField StudyPastures_20kmBufferAllPastures ADMIN_ORG_ "Elko BLM District" VB #</Process><Process ToolSource="c:\program files (x86)\arcgis\desktop10.4\ArcToolbox\Toolboxes\Data Management Tools.tbx\CalculateField" Date="20171020" Time="090149">CalculateField StudyPastures_20kmBufferAllPastures ADMIN_ORG_ "Jarbidge Ranger District Humboldt-Toiyabe NF" VB #</Process><Process ToolSource="c:\program files (x86)\arcgis\desktop10.4\ArcToolbox\Toolboxes\Data Management Tools.tbx\CalculateField" Date="20171020" Time="092422">CalculateField StudyPastures_20kmBufferAllPastures PAST_NAME !PAST_NAME!.title() PYTHON_9.3 #</Process><Process ToolSource="c:\program files (x86)\arcgis\desktop10.4\ArcToolbox\Toolboxes\Data Management Tools.tbx\CalculateField" Date="20171020" Time="092456">CalculateField StudyPastures_20kmBufferAllPastures ALLOT_NAME !ALLOT_NAME!.title() PYTHON_9.3 #</Process><Process ToolSource="c:\program files (x86)\arcgis\desktop10.4\ArcToolbox\Toolboxes\Data Management Tools.tbx\CalculateField" Date="20171020" Time="093021">CalculateField StudyPastures_20kmBufferAllPastures UniqueID [OBJECTID_1] VB #</Process><Process ToolSource="c:\program files (x86)\arcgis\desktop10.4\ArcToolbox\Toolboxes\Data Management Tools.tbx\CalculateField" Date="20171020" Time="120315">CalculateField StudyPastures_20kmBufferAllPastures StudyPasture_Yes_No "No" VB #</Process><Process ToolSource="c:\program files (x86)\arcgis\desktop10.4\ArcToolbox\Toolboxes\Data Management Tools.tbx\CalculateField" Date="20171020" Time="120435">CalculateField StudyPastures_20kmBufferAllPastures Treatment "Non-Treatment" VB #</Process><Process ToolSource="c:\program files (x86)\arcgis\desktop10.4\ArcToolbox\Toolboxes\Data Management Tools.tbx\CalculateField" Date="20171020" Time="120608">CalculateField StudyPastures_20kmBufferAllPastures Site "SHCR" VB #</Process><Process ToolSource="c:\program files (x86)\arcgis\desktop10.4\ArcToolbox\Toolboxes\Data Management Tools.tbx\CalculateField" Date="20171020" Time="120624">CalculateField StudyPastures_20kmBufferAllPastures Site "BRBE" VB #</Process><Process ToolSource="c:\program files (x86)\arcgis\desktop10.4\ArcToolbox\Toolboxes\Data Management Tools.tbx\CalculateField" Date="20171020" Time="120638">CalculateField StudyPastures_20kmBufferAllPastures Site "JISA" VB #</Process><Process ToolSource="c:\program files (x86)\arcgis\desktop10.4\ArcToolbox\Toolboxes\Data Management Tools.tbx\CalculateField" Date="20171020" Time="120707">CalculateField StudyPastures_20kmBufferAllPastures Site "BIBU" VB #</Process><Process ToolSource="c:\program files (x86)\arcgis\desktop10.4\ArcToolbox\Toolboxes\Data Management Tools.tbx\CalculateField" Date="20171020" Time="120719">CalculateField StudyPastures_20kmBufferAllPastures Site "PAVA" VB #</Process><Process ToolSource="c:\program files (x86)\arcgis\desktop10.4\ArcToolbox\Toolboxes\Data Management Tools.tbx\CalculateField" Date="20171020" Time="120731">CalculateField StudyPastures_20kmBufferAllPastures Site "PAVA" VB #</Process><Process ToolSource="c:\program files (x86)\arcgis\desktop10.4\ArcToolbox\Toolboxes\Data Management Tools.tbx\CalculateField" Date="20171020" Time="121737">CalculateField StudyPastures_20kmBufferAllPastures ADMIN_Agen "Bureau of Land Management" VB #</Process><Process ToolSource="c:\program files (x86)\arcgis\desktop10.4\ArcToolbox\Toolboxes\Data Management Tools.tbx\CalculateField" Date="20171020" Time="121834">CalculateField StudyPastures_20kmBufferAllPastures ADMIN_ORG_ "Boise District Office - Bruneau Field Office" VB #</Process><Process ToolSource="c:\program files (x86)\arcgis\desktop10.4\ArcToolbox\Toolboxes\Data Management Tools.tbx\CalculateField" Date="20171020" Time="122053">CalculateField StudyPastures_20kmBufferAllPastures ADMIN_Agen "Bureau of Land Management" VB #</Process><Process ToolSource="c:\program files (x86)\arcgis\desktop10.4\ArcToolbox\Toolboxes\Data Management Tools.tbx\CalculateField" Date="20171020" Time="122115">CalculateField StudyPastures_20kmBufferAllPastures ADMIN_ORG_ "Twin Falls District Office - Jarbidge Field Office" VB #</Process><Process ToolSource="c:\program files (x86)\arcgis\desktop10.4\ArcToolbox\Toolboxes\Data Management Tools.tbx\CalculateField" Date="20171020" Time="122430">CalculateField StudyPastures_20kmBufferAllPastures ADMIN_Agen "Bureau of Land Management" VB #</Process><Process ToolSource="c:\program files (x86)\arcgis\desktop10.4\ArcToolbox\Toolboxes\Data Management Tools.tbx\CalculateField" Date="20171020" Time="122513">CalculateField StudyPastures_20kmBufferAllPastures ADMIN_ORG_ "Twin Falls District Office - Burley Field Office" VB #</Process><Process ToolSource="c:\program files (x86)\arcgis\desktop10.4\ArcToolbox\Toolboxes\Data Management Tools.tbx\CalculateField" Date="20171020" Time="122918">CalculateField StudyPastures_20kmBufferAllPastures ADMIN_Agen "Bureau of Land Management" VB #</Process><Process ToolSource="c:\program files (x86)\arcgis\desktop10.4\ArcToolbox\Toolboxes\Data Management Tools.tbx\CalculateField" Date="20171020" Time="122944">CalculateField StudyPastures_20kmBufferAllPastures ADMIN_ORG_ "Idaho Falls District Office - Upper Snake Field Office" VB #</Process><Process ToolSource="c:\program files (x86)\arcgis\desktop10.4\ArcToolbox\Toolboxes\Data Management Tools.tbx\CalculateField" Date="20171020" Time="123356">CalculateField StudyPastures_20kmBufferAllPastures ADMIN_Agen "Bureau of Land Management" VB #</Process><Process ToolSource="c:\program files (x86)\arcgis\desktop10.4\ArcToolbox\Toolboxes\Data Management Tools.tbx\CalculateField" Date="20171020" Time="123437">CalculateField StudyPastures_20kmBufferAllPastures ADMIN_ORG_ "Idaho Falls District Office - Challis Field Office" VB #</Process><Process ToolSource="c:\program files (x86)\arcgis\desktop10.4\ArcToolbox\Toolboxes\Data Management Tools.tbx\CalculateField" Date="20171020" Time="124842">CalculateField StudyPastures_20kmBufferAllPastures ADMIN_ORG_ "Challis Ranger District - Salmon-Challis NF" VB #</Process><Process ToolSource="c:\program files (x86)\arcgis\desktop10.4\ArcToolbox\Toolboxes\Data Management Tools.tbx\CalculateField" Date="20171020" Time="124935">CalculateField StudyPastures_20kmBufferAllPastures ADMIN_ORG_ "Lost River Ranger District - Salmon-Challis NF" VB #</Process><Process ToolSource="c:\program files (x86)\arcgis\desktop10.4\ArcToolbox\Toolboxes\Data Management Tools.tbx\CalculateField" Date="20171020" Time="125040">CalculateField StudyPastures_20kmBufferAllPastures ADMIN_ORG_ "Leadore Ranger District - Salmon-Challis NF" VB #</Process><Process ToolSource="c:\program files (x86)\arcgis\desktop10.4\ArcToolbox\Toolboxes\Data Management Tools.tbx\CalculateField" Date="20171020" Time="130931">CalculateField StudyPastures_20kmBufferAllPastures ADMIN_ORG_ "Elko District Office" VB #</Process><Process ToolSource="c:\program files (x86)\arcgis\desktop10.4\ArcToolbox\Toolboxes\Data Management Tools.tbx\CalculateField" Date="20171020" Time="131155">CalculateField StudyPastures_20kmBufferAllPastures ADMIN_ST "ID" VB #</Process><Process ToolSource="c:\program files (x86)\arcgis\desktop10.4\ArcToolbox\Toolboxes\Data Management Tools.tbx\CalculateField" Date="20171020" Time="131710">CalculateField StudyPastures_20kmBufferAllPastures State "ID" VB #</Process><Process ToolSource="c:\program files (x86)\arcgis\desktop10.4\ArcToolbox\Toolboxes\Data Management Tools.tbx\CalculateField" Date="20171020" Time="131802">CalculateField StudyPastures_20kmBufferAllPastures State "NV" VB #</Process><Process ToolSource="c:\program files (x86)\arcgis\desktop10.4\ArcToolbox\Toolboxes\Data Management Tools.tbx\CalculateField" Date="20171020" Time="132514">CalculateField StudyPastures_20kmBufferAllPastures ADMIN_ST "ID" VB #</Process><Process ToolSource="c:\program files (x86)\arcgis\desktop10.4\ArcToolbox\Toolboxes\Data Management Tools.tbx\CalculateField" Date="20171020" Time="135904">CalculateField StudyPastures_20kmBufferAllPastures UniqueID [OBJECTID_1] VB #</Process><Process ToolSource="c:\program files (x86)\arcgis\desktop10.4\ArcToolbox\Toolboxes\Data Management Tools.tbx\CalculateField" Date="20171025" Time="155051">CalculateField "Pasture Boundary" PreTrt_Pasture_Yes_No "No" VB #</Process><Process ToolSource="c:\program files (x86)\arcgis\desktop10.4\ArcToolbox\Toolboxes\Data Management Tools.tbx\CalculateField" Date="20171106" Time="135628">CalculateField "Pasture Boundary" UniqueID [OBJECTID_1] VB #</Process><Process ToolSource="c:\program files (x86)\arcgis\desktop10.4\ArcToolbox\Toolboxes\Data Management Tools.tbx\CalculateField" Date="20180109" Time="125422">CalculateField StudyPastures_20kmBufferAllPastures UniqueID [OBJECTID_1] VB #</Process><Process ToolSource="c:\program files (x86)\arcgis\desktop10.4\ArcToolbox\Toolboxes\Data Management Tools.tbx\CalculateField" Date="20180116" Time="162828">CalculateField StudyPastures_20kmBufferAllPastures UniqueID [OBJECTID_1] VB #</Process><Process ToolSource="c:\program files (x86)\arcgis\desktop10.4\ArcToolbox\Toolboxes\Data Management Tools.tbx\CalculateField" Date="20180911" Time="102918">CalculateField StudyPastures_20kmBufferAllPastures UniqueID [OBJECTID_1] VB #</Process><Process ToolSource="c:\program files (x86)\arcgis\desktop10.4\ArcToolbox\Toolboxes\Data Management Tools.tbx\CalculateField" Date="20180927" Time="095906">CalculateField StudyPastures_20kmBufferAllPastures Pst_2015Earlier 1 VB #</Process><Process ToolSource="c:\program files (x86)\arcgis\desktop10.4\ArcToolbox\Toolboxes\Data Management Tools.tbx\CalculateField" Date="20180927" Time="100231">CalculateField StudyPastures_20kmBufferAllPastures Pst_2016 1 VB #</Process><Process ToolSource="c:\program files (x86)\arcgis\desktop10.4\ArcToolbox\Toolboxes\Data Management Tools.tbx\CalculateField" Date="20180927" Time="100522">CalculateField StudyPastures_20kmBufferAllPastures Pst_2017 1 VB #</Process><Process ToolSource="c:\program files (x86)\arcgis\desktop10.4\ArcToolbox\Toolboxes\Data Management Tools.tbx\CalculateField" Date="20180927" Time="100600">CalculateField StudyPastures_20kmBufferAllPastures Pst_2018 1 VB #</Process><Process ToolSource="c:\program files (x86)\arcgis\desktop10.4\ArcToolbox\Toolboxes\Data Management Tools.tbx\CalculateField" Date="20180927" Time="101738">CalculateField StudyPastures_20kmBufferAllPastures CombinedPasture "No" VB #</Process><Process ToolSource="c:\program files (x86)\arcgis\desktop10.4\ArcToolbox\Toolboxes\Data Management Tools.tbx\CalculateField" Date="20180927" Time="101832">CalculateField StudyPastures_20kmBufferAllPastures Pst_2015Earlier 0 VB #</Process><Process ToolSource="c:\program files (x86)\arcgis\desktop10.4\ArcToolbox\Toolboxes\Data Management Tools.tbx\CalculateField" Date="20180927" Time="101917">CalculateField StudyPastures_20kmBufferAllPastures Pst_2016 0 VB #</Process><Process ToolSource="c:\program files (x86)\arcgis\desktop10.4\ArcToolbox\Toolboxes\Data Management Tools.tbx\CalculateField" Date="20180927" Time="101934">CalculateField StudyPastures_20kmBufferAllPastures Pst_2017 0 VB #</Process><Process ToolSource="c:\program files (x86)\arcgis\desktop10.4\ArcToolbox\Toolboxes\Data Management Tools.tbx\CalculateField" Date="20180927" Time="101952">CalculateField StudyPastures_20kmBufferAllPastures Pst_2018 0 VB #</Process><Process ToolSource="c:\program files (x86)\arcgis\desktop10.4\ArcToolbox\Toolboxes\Data Management Tools.tbx\CalculateField" Date="20180928" Time="121649">CalculateField StudyPastures_20kmBufferAllPastures UniqueID [OBJECTID_1] VB #</Process><Process ToolSource="c:\program files (x86)\arcgis\desktop10.4\ArcToolbox\Toolboxes\Data Management Tools.tbx\CalculateField" Date="20181009" Time="094809">CalculateField StudyPastures_20kmBufferAllPastures UniqueID [OBJECTID_1] VB #</Process><Process ToolSource="c:\program files (x86)\arcgis\desktop10.4\ArcToolbox\Toolboxes\Data Management Tools.tbx\CalculateField" Date="20181009" Time="100021">CalculateField StudyPastures_20kmBufferAllPastures Comment [COMMENTS] VB #</Process><Process ToolSource="c:\program files (x86)\arcgis\desktop10.4\ArcToolbox\Toolboxes\Data Management Tools.tbx\CalculateField" Date="20181010" Time="083012">CalculateField StudyPastures_20kmBufferAllPastures UniqueID [OBJECTID_1] VB #</Process><Process ToolSource="c:\program files (x86)\arcgis\desktop10.4\ArcToolbox\Toolboxes\Data Management Tools.tbx\CalculateField" Date="20181206" Time="141454">CalculateField StudyPastures_20kmBufferAllPastures Pst_2019 [Pst_2018] VB #</Process><Process ToolSource="c:\program files (x86)\arcgis\desktop10.4\ArcToolbox\Toolboxes\Data Management Tools.tbx\CalculateField" Date="20181219" Time="090357">CalculateField StudyPastures_20kmBufferAllPastures UniqueID [OBJECTID_1] VB #</Process><Process ToolSource="c:\program files (x86)\arcgis\desktop10.4\ArcToolbox\Toolboxes\Data Management Tools.tbx\CalculateField" Date="20181219" Time="153254">CalculateField StudyPastures_20kmBufferAllPastures Site "IDNL" VB #</Process><Process ToolSource="c:\program files (x86)\arcgis\desktop10.4\ArcToolbox\Toolboxes\Data Management Tools.tbx\CalculateField" Date="20181221" Time="090939">CalculateField StudyPastures_20kmBufferAllPastures StudyPasture_Yes_No "No" VB #</Process><Process ToolSource="c:\program files (x86)\arcgis\desktop10.4\ArcToolbox\Toolboxes\Data Management Tools.tbx\CalculateField" Date="20181221" Time="091107">CalculateField StudyPastures_20kmBufferAllPastures Treatment "Non-Treatment" VB #</Process><Process ToolSource="c:\program files (x86)\arcgis\desktop10.4\ArcToolbox\Toolboxes\Data Management Tools.tbx\CalculateField" Date="20181221" Time="091149">CalculateField StudyPastures_20kmBufferAllPastures State "ID" VB #</Process><Process ToolSource="c:\program files (x86)\arcgis\desktop10.4\ArcToolbox\Toolboxes\Data Management Tools.tbx\CalculateField" Date="20181221" Time="091200">CalculateField StudyPastures_20kmBufferAllPastures PreTrt_Pasture_Yes_No "No" VB #</Process><Process ToolSource="c:\program files (x86)\arcgis\desktop10.4\ArcToolbox\Toolboxes\Data Management Tools.tbx\CalculateField" Date="20181221" Time="091216">CalculateField StudyPastures_20kmBufferAllPastures Pst_2018 1 VB #</Process><Process ToolSource="c:\program files (x86)\arcgis\desktop10.4\ArcToolbox\Toolboxes\Data Management Tools.tbx\CalculateField" Date="20181221" Time="091222">CalculateField StudyPastures_20kmBufferAllPastures Pst_2017 1 VB #</Process><Process ToolSource="c:\program files (x86)\arcgis\desktop10.4\ArcToolbox\Toolboxes\Data Management Tools.tbx\CalculateField" Date="20181221" Time="091226">CalculateField StudyPastures_20kmBufferAllPastures Pst_2016 1 VB #</Process><Process ToolSource="c:\program files (x86)\arcgis\desktop10.4\ArcToolbox\Toolboxes\Data Management Tools.tbx\CalculateField" Date="20181221" Time="091231">CalculateField StudyPastures_20kmBufferAllPastures Pst_2015Earlier 1 VB #</Process><Process ToolSource="c:\program files (x86)\arcgis\desktop10.4\ArcToolbox\Toolboxes\Data Management Tools.tbx\CalculateField" Date="20181221" Time="091239">CalculateField StudyPastures_20kmBufferAllPastures Pst_2019 1 VB #</Process><Process ToolSource="c:\program files (x86)\arcgis\desktop10.4\ArcToolbox\Toolboxes\Data Management Tools.tbx\CalculateField" Date="20181221" Time="091250">CalculateField StudyPastures_20kmBufferAllPastures CombinedPasture "No" VB #</Process><Process ToolSource="c:\program files (x86)\arcgis\desktop10.4\ArcToolbox\Toolboxes\Data Management Tools.tbx\CalculateField" Date="20181221" Time="091310">CalculateField StudyPastures_20kmBufferAllPastures ADMIN_Agen "Bureau of Land Management" VB #</Process><Process ToolSource="c:\program files (x86)\arcgis\desktop10.4\ArcToolbox\Toolboxes\Data Management Tools.tbx\CalculateField" Date="20181221" Time="091340">CalculateField StudyPastures_20kmBufferAllPastures ADMIN_ORG_ "Idaho Falls District Office - Upper Snake Field Office" VB #</Process><Process ToolSource="c:\program files (x86)\arcgis\desktop10.4\ArcToolbox\Toolboxes\Data Management Tools.tbx\CalculateField" Date="20181221" Time="091456">CalculateField StudyPastures_20kmBufferAllPastures UniqueID [OBJECTID_1] VB #</Process><Process ToolSource="c:\program files (x86)\arcgis\desktop10.4\ArcToolbox\Toolboxes\Data Management Tools.tbx\CalculateField" Date="20190103" Time="121439">CalculateField StudyAreas_Jan2019 ALLOT_NAME "INL" VB #</Process><Process ToolSource="c:\program files (x86)\arcgis\desktop10.4\ArcToolbox\Toolboxes\Data Management Tools.tbx\CalculateField" Date="20190103" Time="145320">CalculateField StudyAreas_Jan2019 LS_PathRow "40/30, 39/30" VB #</Process><Process ToolSource="c:\program files (x86)\arcgis\desktop10.4\ArcToolbox\Toolboxes\Data Management Tools.tbx\CalculateField" Date="20190103" Time="154150">CalculateField StudyAreas_Jan2019 LS_PathRow "41/31, 40/31" VB #</Process><Process ToolSource="c:\program files (x86)\arcgis\desktop10.4\ArcToolbox\Toolboxes\Data Management Tools.tbx\CalculateField" Date="20190103" Time="154231">CalculateField StudyAreas_Jan2019 LS_PathRow "40/31" VB #</Process><Process ToolSource="c:\program files (x86)\arcgis\desktop10.4\ArcToolbox\Toolboxes\Data Management Tools.tbx\CalculateField" Date="20190103" Time="154249">CalculateField StudyAreas_Jan2019 LS_PathRow "40/31" VB #</Process><Process ToolSource="c:\program files (x86)\arcgis\desktop10.4\ArcToolbox\Toolboxes\Data Management Tools.tbx\CalculateField" Date="20190103" Time="154559">CalculateField StudyAreas_Jan2019 LS_PathRow "39/29" VB #</Process><Process ToolSource="c:\program files (x86)\arcgis\desktop10.4\ArcToolbox\Toolboxes\Data Management Tools.tbx\CalculateField" Date="20190103" Time="154739">CalculateField StudyAreas_Jan2019 LS_PathRow "40/30" VB #</Process><Process ToolSource="c:\program files (x86)\arcgis\desktop10.4\ArcToolbox\Toolboxes\Data Management Tools.tbx\CalculateField" Date="20190103" Time="154759">CalculateField StudyAreas_Jan2019 LS_PathRow "40/29" VB #</Process><Process ToolSource="c:\program files (x86)\arcgis\desktop10.4\ArcToolbox\Toolboxes\Data Management Tools.tbx\CalculateField" Date="20190103" Time="154911">CalculateField StudyAreas_Jan2019 LS_PathRow "40/30, 40/31" VB #</Process><Process ToolSource="c:\program files (x86)\arcgis\desktop10.4\ArcToolbox\Toolboxes\Data Management Tools.tbx\CalculateField" Date="20190103" Time="155036">CalculateField StudyAreas_Jan2019 LS_PathRow "40/30, 39/30" VB #</Process><Process ToolSource="c:\program files (x86)\arcgis\desktop10.4\ArcToolbox\Toolboxes\Data Management Tools.tbx\CalculateField" Date="20200402" Time="120234">CalculateField StudyAreas_Jan2019_WGS84_VJEdits Site "PAVA" VB #</Process><Process ToolSource="c:\program files (x86)\arcgis\desktop10.4\ArcToolbox\Toolboxes\Data Management Tools.tbx\CalculateField" Date="20200402" Time="120333">CalculateField StudyAreas_Jan2019_WGS84_VJEdits Site "PAVA" VB #</Process><Process ToolSource="c:\program files (x86)\arcgis\desktop10.4\ArcToolbox\Toolboxes\Data Management Tools.tbx\CalculateField" Date="20200402" Time="120409">CalculateField StudyAreas_Jan2019_WGS84_VJEdits PAST_NAME "Unknowm 1" VB #</Process><Process ToolSource="c:\program files (x86)\arcgis\desktop10.4\ArcToolbox\Toolboxes\Data Management Tools.tbx\CalculateField" Date="20200402" Time="120422">CalculateField StudyAreas_Jan2019_WGS84_VJEdits PAST_NAME "Unknowm 2" VB #</Process><Process ToolSource="c:\program files (x86)\arcgis\desktop10.4\ArcToolbox\Toolboxes\Data Management Tools.tbx\CalculateField" Date="20200416" Time="125847">CalculateField StudyAreas_Jan2019_WGS84_VJEdits PASTURE [PAST_NAME] VB #</Process><Process ToolSource="c:\program files (x86)\arcgis\desktop10.4\ArcToolbox\Toolboxes\Data Management Tools.tbx\CalculateField" Date="20200416" Time="130031">CalculateField StudyAreas_Jan2019_WGS84_VJEdits SiteName "Big Butte" VB #</Process><Process ToolSource="c:\program files (x86)\arcgis\desktop10.4\ArcToolbox\Toolboxes\Data Management Tools.tbx\CalculateField" Date="20200416" Time="130110">CalculateField StudyAreas_Jan2019_WGS84_VJEdits SiteName ""Brown's Bench"" VB #</Process><Process ToolSource="c:\program files (x86)\arcgis\desktop10.4\ArcToolbox\Toolboxes\Data Management Tools.tbx\CalculateField" Date="20200416" Time="130222">CalculateField StudyAreas_Jan2019_WGS84_VJEdits SiteName "Jim Sage" VB #</Process><Process ToolSource="c:\program files (x86)\arcgis\desktop10.4\ArcToolbox\Toolboxes\Data Management Tools.tbx\CalculateField" Date="20200416" Time="130253">CalculateField StudyAreas_Jan2019_WGS84_VJEdits SiteName "Pahsimeroi Valley" VB #</Process><Process ToolSource="c:\program files (x86)\arcgis\desktop10.4\ArcToolbox\Toolboxes\Data Management Tools.tbx\CalculateField" Date="20200416" Time="130316">CalculateField StudyAreas_Jan2019_WGS84_VJEdits SiteName "Sheep Creek" VB #</Process><Process ToolSource="c:\program files (x86)\arcgis\desktop10.4\ArcToolbox\Toolboxes\Data Management Tools.tbx\CalculateField" Date="20200416" Time="130332">CalculateField StudyAreas_Jan2019_WGS84_VJEdits SiteName [PASTURE] VB #</Process><Process ToolSource="c:\program files (x86)\arcgis\desktop10.4\ArcToolbox\Toolboxes\Data Management Tools.tbx\CalculateField" Date="20200416" Time="130348">CalculateField StudyAreas_Jan2019_WGS84_VJEdits PASTURE INL VB #</Process><Process ToolSource="c:\program files (x86)\arcgis\desktop10.4\ArcToolbox\Toolboxes\Data Management Tools.tbx\CalculateField" Date="20200416" Time="130402">CalculateField StudyAreas_Jan2019_WGS84_VJEdits PASTURE "INL" VB #</Process><Process ToolSource="c:\program files (x86)\arcgis\desktop10.4\ArcToolbox\Toolboxes\Data Management Tools.tbx\CalculateField" Date="20200416" Time="130521">CalculateField StudyAreas_Jan2019_WGS84_VJEdits PastID_Key "[PASTURE] &amp;"+" &amp; [SiteName]" VB #</Process><Process ToolSource="c:\program files (x86)\arcgis\desktop10.4\ArcToolbox\Toolboxes\Data Management Tools.tbx\Merge" Date="20200416" Time="142352">Merge StudyAreas_Jan2019_WGS84_VJEdits;PastureAreas_uplandModelArea;RRCR_Pastures_WGS84v2 C:\RangeSat\SageSteppe_Pastures_StudySites.shp "OBJECTID_1 "OBJECTID_1" true true false 10 Long 0 10 ,First,#,StudyAreas_Jan2019_WGS84_VJEdits,OBJECTID_1,-1,-1;Site "Site" true true false 15 Text 0 0 ,First,#,StudyAreas_Jan2019_WGS84_VJEdits,Site,-1,-1;Treatment "Treatment" true true false 20 Text 0 0 ,First,#,StudyAreas_Jan2019_WGS84_VJEdits,Treatment,-1,-1;ALLOT_NAME "ALLOT_NAME" true true false 50 Text 0 0 ,First,#,StudyAreas_Jan2019_WGS84_VJEdits,ALLOT_NAME,-1,-1;ALLOT_NO "ALLOT_NO" true true false 5 Text 0 0 ,First,#,StudyAreas_Jan2019_WGS84_VJEdits,ALLOT_NO,-1,-1;PAST_NAME "PAST_NAME" true true false 50 Text 0 0 ,First,#,StudyAreas_Jan2019_WGS84_VJEdits,PAST_NAME,-1,-1;Area_Acres "Area_Acres" true true false 13 Float 0 0 ,First,#,StudyAreas_Jan2019_WGS84_VJEdits,Area_Acres,-1,-1;Area_ha "Area_ha" true true false 13 Float 0 0 ,First,#,StudyAreas_Jan2019_WGS84_VJEdits,Area_ha,-1,-1;StudyPastu "StudyPastu" true true false 50 Text 0 0 ,First,#,StudyAreas_Jan2019_WGS84_VJEdits,StudyPastu,-1,-1;Colloquial "Colloquial" true true false 70 Text 0 0 ,First,#,StudyAreas_Jan2019_WGS84_VJEdits,Colloquial,-1,-1;YearStudyS "YearStudyS" true true false 10 Long 0 10 ,First,#,StudyAreas_Jan2019_WGS84_VJEdits,YearStudyS,-1,-1;YearStudyE "YearStudyE" true true false 10 Long 0 10 ,First,#,StudyAreas_Jan2019_WGS84_VJEdits,YearStudyE,-1,-1;PreStudyPa "PreStudyPa" true true false 70 Text 0 0 ,First,#,StudyAreas_Jan2019_WGS84_VJEdits,PreStudyPa,-1,-1;ADMIN_ST "ADMIN_ST" true true false 2 Text 0 0 ,First,#,StudyAreas_Jan2019_WGS84_VJEdits,ADMIN_ST,-1,-1;ADMIN_ORG_ "ADMIN_ORG_" true true false 60 Text 0 0 ,First,#,StudyAreas_Jan2019_WGS84_VJEdits,ADMIN_ORG_,-1,-1;ADMIN_Agen "ADMIN_Agen" true true false 30 Text 0 0 ,First,#,StudyAreas_Jan2019_WGS84_VJEdits,ADMIN_Agen,-1,-1;UniqueID "UniqueID" true true false 10 Long 0 10 ,First,#,StudyAreas_Jan2019_WGS84_VJEdits,UniqueID,-1,-1;State "State" true true false 10 Text 0 0 ,First,#,StudyAreas_Jan2019_WGS84_VJEdits,State,-1,-1;PreTrt_Pas "PreTrt_Pas" true true false 3 Text 0 0 ,First,#,StudyAreas_Jan2019_WGS84_VJEdits,PreTrt_Pas,-1,-1;PctPublicL "PctPublicL" true true false 10 Long 0 10 ,First,#,StudyAreas_Jan2019_WGS84_VJEdits,PctPublicL,-1,-1;Grazed2018 "Grazed2018" true true false 3 Text 0 0 ,First,#,StudyAreas_Jan2019_WGS84_VJEdits,Grazed2018,-1,-1;CombinedPa "CombinedPa" true true false 3 Text 0 0 ,First,#,StudyAreas_Jan2019_WGS84_VJEdits,CombinedPa,-1,-1;Pst_2015Ea "Pst_2015Ea" true true false 10 Long 0 10 ,First,#,StudyAreas_Jan2019_WGS84_VJEdits,Pst_2015Ea,-1,-1;Pst_2016 "Pst_2016" true true false 10 Long 0 10 ,First,#,StudyAreas_Jan2019_WGS84_VJEdits,Pst_2016,-1,-1;Pst_2017 "Pst_2017" true true false 10 Long 0 10 ,First,#,StudyAreas_Jan2019_WGS84_VJEdits,Pst_2017,-1,-1;Pst_2018 "Pst_2018" true true false 10 Long 0 10 ,First,#,StudyAreas_Jan2019_WGS84_VJEdits,Pst_2018,-1,-1;Comment "Comment" true true false 254 Text 0 0 ,First,#,StudyAreas_Jan2019_WGS84_VJEdits,Comment,-1,-1;Pst_2019 "Pst_2019" true true false 10 Long 0 10 ,First,#,StudyAreas_Jan2019_WGS84_VJEdits,Pst_2019,-1,-1;Shape_Leng "Shape_Leng" true true false 19 Double 0 0 ,First,#,StudyAreas_Jan2019_WGS84_VJEdits,Shape_Leng,-1,-1,PastureAreas_uplandModelArea,Shape_Leng,-1,-1;Shape_Area "Shape_Area" true true false 19 Double 0 0 ,First,#,StudyAreas_Jan2019_WGS84_VJEdits,Shape_Area,-1,-1,PastureAreas_uplandModelArea,Shape_Area,-1,-1;LS_PathRow "LS_PathRow" true true false 50 Text 0 0 ,First,#,StudyAreas_Jan2019_WGS84_VJEdits,LS_PathRow,-1,-1;PASTURE "PASTURE" true true false 50 Text 0 0 ,First,#,StudyAreas_Jan2019_WGS84_VJEdits,PASTURE,-1,-1,PastureAreas_uplandModelArea,Pasture,-1,-1;SiteName "SiteName" true true false 50 Text 0 0 ,First,#,StudyAreas_Jan2019_WGS84_VJEdits,SiteName,-1,-1;PastID_Key "PastID_Key" true true false 50 Text 0 0 ,First,#,StudyAreas_Jan2019_WGS84_VJEdits,PastID_Key,-1,-1,PastureAreas_uplandModelArea,PastID_Key,-1,-1;Id "Id" true true false 10 Long 0 10 ,First,#,PastureAreas_uplandModelArea,Id,-1,-1;Ownership "Ownership" true true false 50 Text 0 0 ,First,#,PastureAreas_uplandModelArea,Ownership,-1,-1;GIS_acres "GIS_acres" true true false 19 Double 0 0 ,First,#,PastureAreas_uplandModelArea,GIS_acres,-1,-1;Name "Name" true true false 60 Text 0 0 ,First,#,RRCR_Pastures_WGS84v2,Name,-1,-1"</Process><Process ToolSource="c:\program files (x86)\arcgis\desktop10.4\ArcToolbox\Toolboxes\Data Management Tools.tbx\CalculateField" Date="20200416" Time="142614">CalculateField SageSteppe_Pastures_StudySites Site "RRCR" VB #</Process><Process ToolSource="c:\program files (x86)\arcgis\desktop10.4\ArcToolbox\Toolboxes\Data Management Tools.tbx\CalculateField" Date="20200416" Time="142722">CalculateField SageSteppe_Pastures_StudySites PASTURE [Name] VB #</Process><Process ToolSource="c:\program files (x86)\arcgis\desktop10.4\ArcToolbox\Toolboxes\Data Management Tools.tbx\CalculateField" Date="20200416" Time="142915">CalculateField SageSteppe_Pastures_StudySites SiteName "Rinker Rock Creek Ranch" VB #</Process><Process ToolSource="c:\program files (x86)\arcgis\desktop10.4\ArcToolbox\Toolboxes\Data Management Tools.tbx\CalculateField" Date="20200416" Time="143015">CalculateField SageSteppe_Pastures_StudySites PastID_Key "[PASTURE] &amp;"+" &amp; [SiteName]" VB #</Process><Process ToolSource="c:\program files (x86)\arcgis\desktop10.4\ArcToolbox\Toolboxes\Data Management Tools.tbx\CalculateField" Date="20200416" Time="143140">CalculateField SageSteppe_Pastures_StudySites Ranch [SiteName] VB #</Process></lineage><itemProps><itemName Sync="TRUE">SageSteppe_Pastures_StudySites</itemName><imsContentType Sync="TRUE">002</imsContentType><itemSize Sync="TRUE">0.000</itemSize><itemLocation><linkage Sync="TRUE">file://\\DESKTOP-1VMKET7\C$\RangeSat\SageSteppe_Pastures_StudySites.shp</linkage><protocol Sync="TRUE">Local Area Network</protocol></itemLocation></itemProps><coordRef><type Sync="TRUE">Geographic</type><geogcsn Sync="TRUE">GCS_WGS_1984</geogcsn><csUnits Sync="TRUE">Angular Unit: Degree (0.017453)</csUnits><peXml Sync="TRUE">&lt;GeographicCoordinateSystem xsi:type='typens:GeographicCoordinateSystem' xmlns:xsi='http://www.w3.org/2001/XMLSchema-instance' xmlns:xs='http://www.w3.org/2001/XMLSchema' xmlns:typens='http://www.esri.com/schemas/ArcGIS/10.4'&gt;&lt;WKT&gt;GEOGCS[&amp;quot;GCS_WGS_1984&amp;quot;,DATUM[&amp;quot;D_WGS_1984&amp;quot;,SPHEROID[&amp;quot;WGS_1984&amp;quot;,6378137.0,298.257223563]],PRIMEM[&amp;quot;Greenwich&amp;quot;,0.0],UNIT[&amp;quot;Degree&amp;quot;,0.0174532925199433],AUTHORITY[&amp;quot;EPSG&amp;quot;,4326]]&lt;/WKT&gt;&lt;XOrigin&gt;-400&lt;/XOrigin&gt;&lt;YOrigin&gt;-400&lt;/YOrigin&gt;&lt;XYScale&gt;11258999068426.238&lt;/XYScale&gt;&lt;ZOrigin&gt;-100000&lt;/ZOrigin&gt;&lt;ZScale&gt;10000&lt;/ZScale&gt;&lt;MOrigin&gt;-100000&lt;/MOrigin&gt;&lt;MScale&gt;10000&lt;/MScale&gt;&lt;XYTolerance&gt;8.983152841195215e-009&lt;/XYTolerance&gt;&lt;ZTolerance&gt;0.001&lt;/ZTolerance&gt;&lt;MTolerance&gt;0.001&lt;/MTolerance&gt;&lt;HighPrecision&gt;true&lt;/HighPrecision&gt;&lt;LeftLongitude&gt;-180&lt;/LeftLongitude&gt;&lt;WKID&gt;4326&lt;/WKID&gt;&lt;LatestWKID&gt;4326&lt;/LatestWKID&gt;&lt;/GeographicCoordinateSystem&gt;</peXml></coordRef></DataProperties><SyncDate>20200416</SyncDate><SyncTime>14235200</SyncTime><ModDate>20200416</ModDate><ModTime>14235200</ModTime></Esri><dataIdInfo><envirDesc Sync="TRUE"> Version 6.2 (Build 9200) ; Esri ArcGIS 10.4.1.5686</envirDesc><dataLang><languageCode value="eng" Sync="TRUE"></languageCode><countryCode value="USA" Sync="TRUE"></countryCode></dataLang><idCitation><resTitle Sync="TRUE">SageSteppe_Pastures_StudySites</resTitle><presForm><PresFormCd value="005" Sync="TRUE"></PresFormCd></presForm></idCitation><spatRpType><SpatRepTypCd value="001" Sync="TRUE"></SpatRepTypCd></spatRpType></dataIdInfo><mdLang><languageCode value="eng" Sync="TRUE"></languageCode><countryCode value="USA" Sync="TRUE"></countryCode></mdLang><mdChar><CharSetCd value="004" Sync="TRUE"></CharSetCd></mdChar><distInfo><distFormat><formatName Sync="TRUE">Shapefile</formatName></distFormat><distTranOps><transSize Sync="TRUE">0.000</transSize></distTranOps></distInfo><mdHrLv><ScopeCd value="005" Sync="TRUE"></ScopeCd></mdHrLv><mdHrLvName Sync="TRUE">dataset</mdHrLvName><refSysInfo><RefSystem><refSysID><identCode code="4326" Sync="TRUE"></identCode><idCodeSpace Sync="TRUE">EPSG</idCodeSpace><idVersion Sync="TRUE">6.14(3.0.1)</idVersion></refSysID></RefSystem></refSysInfo><spatRepInfo><VectSpatRep><geometObjs Name="SageSteppe_Pastures_StudySites"><geoObjTyp><GeoObjTypCd value="002" Sync="TRUE"></GeoObjTypCd></geoObjTyp><geoObjCnt Sync="TRUE">0</geoObjCnt></geometObjs><topLvl><TopoLevCd value="001" Sync="TRUE"></TopoLevCd></topLvl></VectSpatRep></spatRepInfo><spdoinfo><ptvctinf><esriterm Name="SageSteppe_Pastures_StudySites"><efeatyp Sync="TRUE">Simple</efeatyp><efeageom code="4" Sync="TRUE"></efeageom><esritopo Sync="TRUE">FALSE</esritopo><efeacnt Sync="TRUE">0</efeacnt><spindex Sync="TRUE">TRUE</spindex><linrefer Sync="TRUE">FALSE</linrefer></esriterm></ptvctinf></spdoinfo><eainfo><detailed Name="SageSteppe_Pastures_StudySites"><enttyp><enttypl Sync="TRUE">SageSteppe_Pastures_StudySites</enttypl><enttypt Sync="TRUE">Feature Class</enttypt><enttypc Sync="TRUE">0</enttypc></enttyp><attr><attrlabl Sync="TRUE">FID</attrlabl><attalias Sync="TRUE">FID</attalias><attrtype Sync="TRUE">OID</attrtype><attwidth Sync="TRUE">4</attwidth><atprecis Sync="TRUE">0</atprecis><attscale Sync="TRUE">0</attscale><attrdef Sync="TRUE">Internal feature number.</attrdef><attrdefs Sync="TRUE">Esri</attrdefs><attrdomv><udom Sync="TRUE">Sequential unique whole numbers that are automatically generated.</udom></attrdomv></attr><attr><attrlabl Sync="TRUE">Shape</attrlabl><attalias Sync="TRUE">Shape</attalias><attrtype Sync="TRUE">Geometry</attrtype><attwidth Sync="TRUE">0</attwidth><atprecis Sync="TRUE">0</atprecis><attscale Sync="TRUE">0</attscale><attrdef Sync="TRUE">Feature geometry.</attrdef><attrdefs Sync="TRUE">Esri</attrdefs><attrdomv><udom Sync="TRUE">Coordinates defining the features.</udom></attrdomv></attr><attr><attrlabl Sync="TRUE">Site</attrlabl><attalias Sync="TRUE">Site</attalias><attrtype Sync="TRUE">String</attrtype><attwidth Sync="TRUE">15</attwidth><atprecis Sync="TRUE">0</atprecis><attscale Sync="TRUE">0</attscale></attr><attr><attrlabl Sync="TRUE">Treatment</attrlabl><attalias Sync="TRUE">Treatment</attalias><attrtype Sync="TRUE">String</attrtype><attwidth Sync="TRUE">20</attwidth><atprecis Sync="TRUE">0</atprecis><attscale Sync="TRUE">0</attscale></attr><attr><attrlabl Sync="TRUE">ALLOT_NO</attrlabl><attalias Sync="TRUE">ALLOT_NO</attalias><attrtype Sync="TRUE">String</attrtype><attwidth Sync="TRUE">5</attwidth><atprecis Sync="TRUE">0</atprecis><attscale Sync="TRUE">0</attscale></attr><attr><attrlabl Sync="TRUE">ALLOT_NAME</attrlabl><attalias Sync="TRUE">ALLOT_NAME</attalias><attrtype Sync="TRUE">String</attrtype><attwidth Sync="TRUE">50</attwidth><atprecis Sync="TRUE">0</atprecis><attscale Sync="TRUE">0</attscale></attr><attr><attrlabl Sync="TRUE">PAST_NAME</attrlabl><attalias Sync="TRUE">PAST_NAME</attalias><attrtype Sync="TRUE">String</attrtype><attwidth Sync="TRUE">50</attwidth><atprecis Sync="TRUE">0</atprecis><attscale Sync="TRUE">0</attscale></attr><attr><attrlabl Sync="TRUE">SHAPE_Leng</attrlabl><attalias Sync="TRUE">Shape_Leng</attalias><attrtype Sync="TRUE">Double</attrtype><attwidth Sync="TRUE">19</attwidth><atprecis Sync="TRUE">0</atprecis><attscale Sync="TRUE">0</attscale></attr><attr><attrlabl Sync="TRUE">Shape_Area</attrlabl><attalias Sync="TRUE">Shape_Area</attalias><attrtype Sync="TRUE">Double</attrtype><attwidth Sync="TRUE">19</attwidth><atprecis Sync="TRUE">0</atprecis><attscale Sync="TRUE">0</attscale><attrdef Sync="TRUE">Area of feature in internal units squared.</attrdef><attrdefs Sync="TRUE">Esri</attrdefs><attrdomv><udom Sync="TRUE">Positive real numbers that are automatically generated.</udom></attrdomv></attr><attr><attrlabl Sync="TRUE">OBJECTID_1</attrlabl><attalias Sync="TRUE">OBJECTID_1</attalias><attrtype Sync="TRUE">Integer</attrtype><attwidth Sync="TRUE">10</attwidth><atprecis Sync="TRUE">10</atprecis><attscale Sync="TRUE">0</attscale><attrdef Sync="TRUE">Internal feature number.</attrdef><attrdefs Sync="TRUE">Esri</attrdefs><attrdomv><udom Sync="TRUE">Sequential unique whole numbers that are automatically generated.</udom></attrdomv></attr><attr><attrlabl Sync="TRUE">StudyPastu</attrlabl><attalias Sync="TRUE">StudyPastu</attalias><attrtype Sync="TRUE">String</attrtype><attwidth Sync="TRUE">50</attwidth><atprecis Sync="TRUE">0</atprecis><attscale Sync="TRUE">0</attscale></attr><attr><attrlabl Sync="TRUE">Colloquial</attrlabl><attalias Sync="TRUE">Colloquial</attalias><attrtype Sync="TRUE">String</attrtype><attwidth Sync="TRUE">70</attwidth><atprecis Sync="TRUE">0</atprecis><attscale Sync="TRUE">0</attscale></attr><attr><attrlabl Sync="TRUE">YearStudyS</attrlabl><attalias Sync="TRUE">YearStudyS</attalias><attrtype Sync="TRUE">Integer</attrtype><attwidth Sync="TRUE">10</attwidth><atprecis Sync="TRUE">10</atprecis><attscale Sync="TRUE">0</attscale></attr><attr><attrlabl Sync="TRUE">YearStudyE</attrlabl><attalias Sync="TRUE">YearStudyE</attalias><attrtype Sync="TRUE">Integer</attrtype><attwidth Sync="TRUE">10</attwidth><atprecis Sync="TRUE">10</atprecis><attscale Sync="TRUE">0</attscale></attr><attr><attrlabl Sync="TRUE">PreStudyPa</attrlabl><attalias Sync="TRUE">PreStudyPa</attalias><attrtype Sync="TRUE">String</attrtype><attwidth Sync="TRUE">70</attwidth><atprecis Sync="TRUE">0</atprecis><attscale Sync="TRUE">0</attscale></attr><attr><attrlabl Sync="TRUE">Area_Acres</attrlabl><attalias Sync="TRUE">Area_Acres</attalias><attrtype Sync="TRUE">Single</attrtype><attwidth Sync="TRUE">13</attwidth><atprecis Sync="TRUE">0</atprecis><attscale Sync="TRUE">0</attscale></attr><attr><attrlabl Sync="TRUE">GIS_ACRES</attrlabl><attalias Sync="TRUE">GIS_acres</attalias><attrtype Sync="TRUE">Double</attrtype><attwidth Sync="TRUE">19</attwidth><atprecis Sync="TRUE">0</atprecis><attscale Sync="TRUE">0</attscale></attr><attr><attrlabl Sync="TRUE">ADMIN_ST</attrlabl><attalias Sync="TRUE">ADMIN_ST</attalias><attrtype Sync="TRUE">String</attrtype><attwidth Sync="TRUE">2</attwidth><atprecis Sync="TRUE">0</atprecis><attscale Sync="TRUE">0</attscale></attr><attr><attrlabl Sync="TRUE">UniqueID</attrlabl><attalias Sync="TRUE">UniqueID</attalias><attrtype Sync="TRUE">Integer</attrtype><attwidth Sync="TRUE">10</attwidth><atprecis Sync="TRUE">10</atprecis><attscale Sync="TRUE">0</attscale></attr><attr><attrlabl Sync="TRUE">State</attrlabl><attalias Sync="TRUE">State</attalias><attrtype Sync="TRUE">String</attrtype><attwidth Sync="TRUE">10</attwidth><atprecis Sync="TRUE">0</atprecis><attscale Sync="TRUE">0</attscale></attr><attr><attrlabl Sync="TRUE">PreTrt_Pas</attrlabl><attalias Sync="TRUE">PreTrt_Pas</attalias><attrtype Sync="TRUE">String</attrtype><attwidth Sync="TRUE">3</attwidth><atprecis Sync="TRUE">0</atprecis><attscale Sync="TRUE">0</attscale></attr><attr><attrlabl Sync="TRUE">PctPublicL</attrlabl><attalias Sync="TRUE">PctPublicL</attalias><attrtype Sync="TRUE">Integer</attrtype><attwidth Sync="TRUE">10</attwidth><atprecis Sync="TRUE">10</atprecis><attscale Sync="TRUE">0</attscale></attr><attr><attrlabl Sync="TRUE">Grazed2018</attrlabl><attalias Sync="TRUE">Grazed2018</attalias><attrtype Sync="TRUE">String</attrtype><attwidth Sync="TRUE">3</attwidth><atprecis Sync="TRUE">0</atprecis><attscale Sync="TRUE">0</attscale></attr><attr><attrlabl Sync="TRUE">CombinedPa</attrlabl><attalias Sync="TRUE">CombinedPa</attalias><attrtype Sync="TRUE">String</attrtype><attwidth Sync="TRUE">3</attwidth><atprecis Sync="TRUE">0</atprecis><attscale Sync="TRUE">0</attscale></attr><attr><attrlabl Sync="TRUE">Pst_2015Ea</attrlabl><attalias Sync="TRUE">Pst_2015Ea</attalias><attrtype Sync="TRUE">Integer</attrtype><attwidth Sync="TRUE">10</attwidth><atprecis Sync="TRUE">10</atprecis><attscale Sync="TRUE">0</attscale></attr><attr><attrlabl Sync="TRUE">Pst_2016</attrlabl><attalias Sync="TRUE">Pst_2016</attalias><attrtype Sync="TRUE">Integer</attrtype><attwidth Sync="TRUE">10</attwidth><atprecis Sync="TRUE">10</atprecis><attscale Sync="TRUE">0</attscale></attr><attr><attrlabl Sync="TRUE">Pst_2017</attrlabl><attalias Sync="TRUE">Pst_2017</attalias><attrtype Sync="TRUE">Integer</attrtype><attwidth Sync="TRUE">10</attwidth><atprecis Sync="TRUE">10</atprecis><attscale Sync="TRUE">0</attscale></attr><attr><attrlabl Sync="TRUE">Pst_2018</attrlabl><attalias Sync="TRUE">Pst_2018</attalias><attrtype Sync="TRUE">Integer</attrtype><attwidth Sync="TRUE">10</attwidth><atprecis Sync="TRUE">10</atprecis><attscale Sync="TRUE">0</attscale></attr><attr><attrlabl Sync="TRUE">Comment</attrlabl><attalias Sync="TRUE">Comment</attalias><attrtype Sync="TRUE">String</attrtype><attwidth Sync="TRUE">254</attwidth><atprecis Sync="TRUE">0</atprecis><attscale Sync="TRUE">0</attscale></attr><attr><attrlabl Sync="TRUE">Pst_2019</attrlabl><attalias Sync="TRUE">Pst_2019</attalias><attrtype Sync="TRUE">Integer</attrtype><attwidth Sync="TRUE">10</attwidth><atprecis Sync="TRUE">10</atprecis><attscale Sync="TRUE">0</attscale></attr><attr><attrlabl Sync="TRUE">ADMIN_ORG_</attrlabl><attalias Sync="TRUE">ADMIN_ORG_</attalias><attrtype Sync="TRUE">String</attrtype><attwidth Sync="TRUE">60</attwidth><atprecis Sync="TRUE">0</atprecis><attscale Sync="TRUE">0</attscale></attr><attr><attrlabl Sync="TRUE">ADMIN_Agen</attrlabl><attalias Sync="TRUE">ADMIN_Agen</attalias><attrtype Sync="TRUE">String</attrtype><attwidth Sync="TRUE">30</attwidth><atprecis Sync="TRUE">0</atprecis><attscale Sync="TRUE">0</attscale></attr><attr><attrlabl Sync="TRUE">LS_PathRow</attrlabl><attalias Sync="TRUE">LS_PathRow</attalias><attrtype Sync="TRUE">String</attrtype><attwidth Sync="TRUE">50</attwidth><atprecis Sync="TRUE">0</atprecis><attscale Sync="TRUE">0</attscale></attr><attr><attrlabl Sync="TRUE">PASTURE</attrlabl><attalias Sync="TRUE">PASTURE</attalias><attrtype Sync="TRUE">String</attrtype><attwidth Sync="TRUE">50</attwidth><atprecis Sync="TRUE">0</atprecis><attscale Sync="TRUE">0</attscale></attr><attr><attrlabl Sync="TRUE">SiteName</attrlabl><attalias Sync="TRUE">SiteName</attalias><attrtype Sync="TRUE">String</attrtype><attwidth Sync="TRUE">50</attwidth><atprecis Sync="TRUE">0</atprecis><attscale Sync="TRUE">0</attscale></attr><attr><attrlabl Sync="TRUE">PastID_Key</attrlabl><attalias Sync="TRUE">PastID_Key</attalias><attrtype Sync="TRUE">String</attrtype><attwidth Sync="TRUE">50</attwidth><atprecis Sync="TRUE">0</atprecis><attscale Sync="TRUE">0</attscale></attr><attr><attrlabl Sync="TRUE">Id</attrlabl><attalias Sync="TRUE">Id</attalias><attrtype Sync="TRUE">Integer</attrtype><attwidth Sync="TRUE">10</attwidth><atprecis Sync="TRUE">10</atprecis><attscale Sync="TRUE">0</attscale></attr><attr><attrlabl Sync="TRUE">Ownership</attrlabl><attalias Sync="TRUE">Ownership</attalias><attrtype Sync="TRUE">String</attrtype><attwidth Sync="TRUE">50</attwidth><atprecis Sync="TRUE">0</atprecis><attscale Sync="TRUE">0</attscale></attr><attr><attrlabl Sync="TRUE">Area_ha</attrlabl><attalias Sync="TRUE">Area_ha</attalias><attrtype Sync="TRUE">Single</attrtype><attwidth Sync="TRUE">13</attwidth><atprecis Sync="TRUE">0</atprecis><attscale Sync="TRUE">0</attscale></attr><attr><attrlabl Sync="TRUE">Name</attrlabl><attalias Sync="TRUE">Name</attalias><attrtype Sync="TRUE">String</attrtype><attwidth Sync="TRUE">60</attwidth><atprecis Sync="TRUE">0</atprecis><attscale Sync="TRUE">0</attscale></attr></detailed></eainfo><mdDateSt Sync="TRUE">20200416</mdDateSt></metadata>
